"sequence"	"label"
"GAGCTT AGCTTG GCTTGC CTTGCA TTGCAG TGCAGG GCAGGG CAGGGA AGGGAA GGGAAA GGAAAT GAAATG AAATGA AATGAC ATGACA TGACAG GACAGT ACAGTG CAGTGG AGTGGG GTGGGC TGGGCT GGGCTG GGCTGA GCTGAA CTGAAA TGAAAT GAAATA AAATAT AATATT ATATTT TATTTT ATTTTG TTTTGA TTTGAG TTGAGG TGAGGT GAGGTA AGGTAC GGTACA GTACAA TACAAC ACAACT CAACTT AACTTT ACTTTC CTTTCC TTTCCA TTCCAC TCCACT CCACTC CACTCC ACTCCC CTCCCA TCCCAA CCCAAA CCAAAG CAAAGA AAAGAG AAGAGG AGAGGC GAGGCC AGGCCT GGCCTG GCCTGC CCTGCT CTGCTA TGCTAT GCTATC CTATCC TATCCC ATCCCC TCCCCT CCCCTC CCCTCC CCTCCC CTCCCA TCCCAC CCCACT CCACTC CACTCC ACTCCC CTCCCC TCCCCA CCCCAC CCCACT CCACTC CACTCC ACTCCG CTCCGG TCCGGC CCGGCC CGGCCT GGCCTT GCCTTT CCTTTC CTTTCC TTTCCT TTCCTT TCCTTG CCTTGG CTTGGC TTGGCT TGGCTT GGCTTG GCTTGG CTTGGC TTGGCT TGGCTT GGCTTT GCTTTT CTTTTT TTTTTT TTTTTT TTTTTA TTTTAA TTTAAA TTAAAG TAAAGA AAAGAA AAGAAA AGAAAA GAAAAA AAAAAA AAAAAA AAAAAA AAAAAA AAAAAA AAAAAA AAAAAA AAAAAA AAAAAA AAAAAA AAAAAA AAAAAC AAAACT AAACTA AACTAA ACTAAG CTAAGC TAAGCA AAGCAG AGCAGG GCAGGT CAGGTT AGGTTT GGTTTC GTTTCT TTTCTT TTCTTT TCTTTA CTTTAG TTTAGA TTAGAA TAGAAG AGAAGA GAAGAA AAGAAA AGAAAA GAAAAA AAAAAG AAAAGA AAAGAG AAGAGG AGAGGA GAGGAA AGGAAG GGAAGT GAAGTT AAGTTC AGTTCA GTTCAT TTCATA TCATAA CATAAA ATAAAG TAAAGA AAAGAG AAGAGT AGAGTG GAGTGT AGTGTT GTGTTT TGTTTG GTTTGT TTTGTG TTGTGG TGTGGT GTGGTA TGGTAG GGTAGT GTAGTA TAGTAG AGTAGG GTAGGG TAGGGG AGGGGT GGGGTG GGGTGG GGTGGG GTGGGG TGGGGT GGGGTG GGGTGG GGTGGA GTGGAG TGGAGT GGAGTG GAGTGA AGTGAG GTGAGG TGAGGA GAGGAG AGGAGT GGAGTG GAGTGA AGTGAG GTGAGG TGAGGA GAGGAG AGGAGG GGAGGC GAGGCC AGGCCG GGCCGT GCCGTC CCGTCA CGTCAC GTCACC TCACCT CACCTC ACCTCC CCTCCC CTCCCA TCCCAT CCCATG CCATGG CATGGA ATGGAA TGGAAT GGAATC GAATCC AATCCT ATCCTT TCCTTA CCTTAG CTTAGT TTAGTC TAGTCT AGTCTT GTCTTG TCTTGG CTTGGG TTGGGT TGGGTT GGGTTT GGTTTG GTTTGT TTTGTG TTGTGA TGTGAA GTGAAC TGAACC GAACCA AACCAC ACCACG CCACGC CACGCA ACGCAT CGCATG GCATGG CATGGG ATGGGG TGGGGG GGGGGC GGGGCT GGGCTG GGCTGT GCTGTT CTGTTT TGTTTT GTTTTA TTTTAG TTTAGC TTAGCA TAGCAC AGCACA GCACAG CACAGC ACAGCT CAGCTG AGCTGC GCTGCT CTGCTA TGCTAA"	1
"TGCTCA GCTCAT CTCATA TCATAG CATAGC ATAGCA TAGCAC AGCACT GCACTG CACTGA ACTGAG CTGAGT TGAGTG GAGTGA AGTGAA GTGAAA TGAAAA GAAAAT AAAATA AAATAA AATAAA ATAAAA TAAAAG AAAAGA AAAGAT AAGATT AGATTG GATTGT ATTGTA TTGTAT TGTATT GTATTG TATTGG ATTGGT TTGGTG TGGTGT GGTGTC GTGTCA TGTCAA GTCAAT TCAATC CAATCA AATCAA ATCAAA TCAAAG CAAAGT AAAGTG AAGTGG AGTGGA GTGGAA TGGAAT GGAATT GAATTG AATTGT ATTGTG TTGTGT TGTGTG GTGTGT TGTGTG GTGTGC TGTGCC GTGCCT TGCCTG GCCTGT CCTGTG CTGTGC TGTGCG GTGCGT TGCGTG GCGTGT CGTGTG GTGTGC TGTGCA GTGCAG TGCAGT GCAGTA CAGTAT AGTATT GTATTG TATTGC ATTGCA TTGCAC TGCACC GCACCA CACCAG ACCAGC CCAGCA CAGCAA AGCAAG GCAAGC CAAGCC AAGCCT AGCCTT GCCTTA CCTTAA CTTAAG TTAAGC TAAGCC AAGCCA AGCCAC GCCACT CCACTT CACTTT ACTTTA CTTTAT TTTATA TTATAA TATAAG ATAAGC TAAGCT AAGCTA AGCTAG GCTAGG CTAGGC TAGGCA AGGCAA GGCAAA GCAAAA CAAAAG AAAAGC AAAGCT AAGCTA AGCTAG GCTAGA CTAGAC TAGACG AGACGT GACGTG ACGTGA CGTGAA GTGAAA TGAAAA GAAAAG AAAAGA AAAGAT AAGATG AGATGA GATGAT ATGATT TGATTT GATTTT ATTTTG TTTTGC TTTGCG TTGCGC TGCGCG GCGCGG CGCGGA GCGGAG CGGAGT GGAGTT GAGTTC AGTTCC GTTCCG TTCCGT TCCGTC CCGTCC CGTCCC GTCCCC TCCCCA CCCCAG CCCAGA CCAGAA CAGAAT AGAATC GAATCA AATCAC ATCACT TCACTG CACTGG ACTGGT CTGGTG TGGTGA GGTGAG GTGAGA TGAGAT GAGATC AGATCT GATCTG ATCTGA TCTGAT CTGATC TGATCC GATCCT ATCCTT TCCTTC CCTTCT CTTCTA TTCTAT TCTATT CTATTT TATTTG ATTTGG TTTGGA TTGGAA TGGAAT GGAATC GAATCC AATCCC ATCCCC TCCCCT CCCCTT CCCTTT CCTTTC CTTTCG TTTCGA TTCGAC TCGACC CGACCG GACCGA ACCGAC CCGACG CGACGT GACGTC ACGTCA CGTCAA GTCAAC TCAACT CAACTG AACTGG ACTGGC CTGGCG TGGCGA GGCGAG GCGAGA CGAGAG GAGAGA AGAGAG GAGAGA AGAGAC GAGACG AGACGG GACGGT ACGGTT CGGTTG GGTTGA GTTGAG TTGAGG TGAGGT GAGGTT AGGTTA GGTTAC GTTACA TTACAG TACAGG ACAGGA CAGGAA AGGAAT GGAATA GAATAG AATAGT ATAGTT TAGTTT AGTTTT GTTTTA TTTTAG TTTAGG TTAGGA TAGGAG AGGAGC GGAGCG GAGCGA AGCGAG GCGAGG CGAGGT GAGGTT AGGTTC GGTTCG GTTCGG TTCGGC TCGGCC CGGCCA GGCCAT GCCATG CCATGG CATGGC ATGGCC TGGCCG GGCCGC GCCGCT CCGCTC CGCTCG GCTCGG CTCGGC TCGGCC CGGCCT GGCCTG GCCTGC CCTGCT CTGCTG TGCTGA GCTGAT CTGATC TGATCC GATCCG"	0
"GGGTGG GGTGGG GTGGGG TGGGGC GGGGCG GGGCGG GGCGGG GCGGGG CGGGGC GGGGCG GGGCGC GGCGCT GCGCTA CGCTAG GCTAGC CTAGCT TAGCTT AGCTTT GCTTTA CTTTAC TTTACG TTACGC TACGCT ACGCTA CGCTAA GCTAAG CTAAGG TAAGGT AAGGTA AGGTAC GGTACT GTACTT TACTTG ACTTGT CTTGTA TTGTAC TGTACC GTACCC TACCCA ACCCAT CCCATC CCATCG CATCGC ATCGCA TCGCAC CGCACT GCACTT CACTTC ACTTCG CTTCGT TTCGTG TCGTGC CGTGCG GTGCGA TGCGAT GCGATT CGATTG GATTGG ATTGGG TTGGGC TGGGCG GGGCGG GGCGGG GCGGGC CGGGCC GGGCCC GGCCCT GCCCTC CCCTCG CCTCGG CTCGGC TCGGCG CGGCGC GGCGCT GCGCTG CGCTGC GCTGCA CTGCAG TGCAGG GCAGGA CAGGAG AGGAGC GGAGCT GAGCTG AGCTGC GCTGCC CTGCCC TGCCCA GCCCAG CCCAGA CCAGAA CAGAAA AGAAAC GAAACT AAACTT AACTTT ACTTTT CTTTTC TTTTCC TTTCCC TTCCCT TCCCTG CCCTGC CCTGCT CTGCTC TGCTCT GCTCTC CTCTCA TCTCAC CTCACC TCACCG CACCGG ACCGGG CCGGGC CGGGCG GGGCGG GGCGGC GCGGCC CGGCCT GGCCTT GCCTTG CCTTGT CTTGTA TTGTAA TGTAAC GTAACA TAACAC AACACA ACACAT CACATG ACATGA CATGAT ATGATG TGATGG GATGGA ATGGAC TGGACA GGACAG GACAGC ACAGCT CAGCTT AGCTTC GCTTCT CTTCTA TTCTAG TCTAGA CTAGAG TAGAGT AGAGTG GAGTGT AGTGTG GTGTGC TGTGCA GTGCAG TGCAGG GCAGGT CAGGTT AGGTTC GGTTCT GTTCTC TTCTCG TCTCGT CTCGTA TCGTAT CGTATC GTATCC TATCCC ATCCCG TCCCGT CCCGTG CCGTGG CGTGGT GTGGTC TGGTCC GGTCCC GTCCCC TCCCCA CCCCAC CCCACT CCACTC CACTCG ACTCGT CTCGTC TCGTCA CGTCAT GTCATA TCATAC CATACG ATACGT TACGTC ACGTCG CGTCGC GTCGCA TCGCAA CGCAAG GCAAGA CAAGAA AAGAAC AGAACG GAACGT AACGTG ACGTGC CGTGCA GTGCAG TGCAGC GCAGCC CAGCCC AGCCCT GCCCTG CCCTGG CCTGGT CTGGTT TGGTTC GGTTCT GTTCTA TTCTAA TCTAAG CTAAGT TAAGTG AAGTGG AGTGGC GTGGCA TGGCAC GGCACT GCACTG CACTGT ACTGTG CTGTGT TGTGTT GTGTTA TGTTAC GTTACG TTACGC TACGCA ACGCAG CGCAGG GCAGGA CAGGAT AGGATG GGATGG GATGGG ATGGGG TGGGGC GGGGCC GGGCCA GGCCAG GCCAGA CCAGAA CAGAAC AGAACG GAACGG AACGGA ACGGAC CGGACA GGACAG GACAGG ACAGGG CAGGGG AGGGGT GGGGTC GGGTCA GGTCAC GTCACG TCACGA CACGAA ACGAAT CGAATG GAATGA AATGAT ATGATT TGATTC GATTCG ATTCGC TTCGCT TCGCTG CGCTGC GCTGCT CTGCTG TGCTGC GCTGCT CTGCTG TGCTGG GCTGGT CTGGTG TGGTGT GGTGTT GTGTTA TGTTAG GTTAGC TTAGCG TAGCGC AGCGCT GCGCTC CGCTCA GCTCAG"	0
"GCTCTT CTCTTA TCTTAA CTTAAG TTAAGG TAAGGA AAGGAG AGGAGA GGAGAA GAGAAT AGAATA GAATAC AATACG ATACGT TACGTT ACGTTG CGTTGG GTTGGA TTGGAG TGGAGG GGAGGG GAGGGC AGGGCA GGGCAG GGCAGG GCAGGG CAGGGC AGGGCC GGGCCA GGCCAC GCCACG CCACGG CACGGC ACGGCC CGGCCT GGCCTG GCCTGC CCTGCG CTGCGC TGCGCT GCGCTC CGCTCT GCTCTG CTCTGT TCTGTA CTGTAA TGTAAA GTAAAG TAAAGG AAAGGC AAGGCC AGGCCC GGCCCG GCCCGG CCCGGC CCGGCA CGGCAG GGCAGC GCAGCC CAGCCC AGCCCC GCCCCA CCCCAC CCCACC CCACCA CACCAG ACCAGG CCAGGA CAGGAA AGGAAG GGAAGA GAAGAG AAGAGC AGAGCT GAGCTG AGCTGG GCTGGC CTGGCG TGGCGC GGCGCC GCGCCG CGCCGA GCCGAC CCGACC CGACCG GACCGT ACCGTC CCGTCA CGTCAT GTCATG TCATGG CATGGG ATGGGT TGGGTT GGGTTA GGTTAT GTTATG TTATGC TATGCT ATGCTT TGCTTC GCTTCG CTTCGC TTCGCC TCGCCG CGCCGC GCCGCT CCGCTG CGCTGC GCTGCT CTGCTG TGCTGA GCTGAA CTGAAT TGAATA GAATAT AATATA ATATAT TATATA ATATAA TATAAG ATAAGC TAAGCA AAGCAG AGCAGG GCAGGA CAGGAC AGGACG GGACGG GACGGC ACGGCC CGGCCG GGCCGC GCCGCC CCGCCT CGCCTT GCCTTC CCTTCT CTTCTG TTCTGC TCTGCT CTGCTG TGCTGT GCTGTC CTGTCG TGTCGT GTCGTT TCGTTC CGTTCG GTTCGT TTCGTA TCGTAT CGTATC GTATCA TATCAT ATCATC TCATCT CATCTC ATCTCC TCTCCC CTCCCT TCCCTG CCCTGG CCTGGG CTGGGA TGGGAC GGGACT GGACTT GACTTC ACTTCT CTTCTC TTCTCA TCTCAG CTCAGC TCAGCT CAGCTA AGCTAA GCTAAT CTAATA TAATAT AATATA ATATAC TATACT ATACTG TACTGT ACTGTC CTGTCC TGTCCG GTCCGC TCCGCC CCGCCC CGCCCG GCCCGA CCCGAC CCGACA CGACAT GACATT ACATTG CATTGC ATTGCC TTGCCT TGCCTT GCCTTA CCTTAT CTTATT TTATTG TATTGA ATTGAC TTGACT TGACTT GACTTG ACTTGG CTTGGT TTGGTC TGGTCG GGTCGT GTCGTG TCGTGT CGTGTG GTGTGG TGTGGA GTGGAC TGGACC GGACCT GACCTC ACCTCA CCTCAA CTCAAT TCAATA CAATAG AATAGA ATAGAT TAGATA AGATAC GATACA ATACAG TACAGA ACAGAT CAGATT AGATTT GATTTG ATTTGG TTTGGG TTGGGG TGGGGG GGGGGA GGGGAG GGGAGA GGAGAA GAGAAA AGAAAC GAAACG AAACGT AACGTG ACGTGC CGTGCA GTGCAA TGCAAT GCAATA CAATAG AATAGC ATAGCG TAGCGT AGCGTA GCGTAA CGTAAC GTAACA TAACAG AACAGA ACAGAC CAGACC AGACCG GACCGC ACCGCT CCGCTA CGCTAT GCTATC CTATCT TATCTG ATCTGA TCTGAA CTGAAA TGAAAT GAAATT AAATTA AATTAC ATTACT TTACTT TACTTT ACTTTG CTTTGC TTTGCT TTGCTT TGCTTC GCTTCT"	0
"GGTTCT GTTCTA TTCTAA TCTAAC CTAACA TAACAG AACAGC ACAGCT CAGCTG AGCTGG GCTGGG CTGGGT TGGGTG GGGTGC GGTGCG GTGCGG TGCGGG GCGGGT CGGGTG GGGTGG GGTGGA GTGGAG TGGAGC GGAGCT GAGCTG AGCTGC GCTGCG CTGCGG TGCGGG GCGGGT CGGGTG GGGTGA GGTGAG GTGAGT TGAGTC GAGTCC AGTCCT GTCCTC TCCTCG CCTCGG CTCGGC TCGGCT CGGCTC GGCTCC GCTCCG CTCCGG TCCGGA CCGGAT CGGATC GGATCC GATCCA ATCCAT TCCATT CCATTT CATTTC ATTTCT TTTCTC TTCTCT TCTCTT CTCTTT TCTTTG CTTTGT TTTGTT TTGTTC TGTTCC GTTCCC TTCCCT TCCCTA CCCTAG CCTAGG CTAGGA TAGGAC AGGACC GGACCC GACCCC ACCCCC CCCCCT CCCCTC CCCTCC CCTCCC CTCCCA TCCCAC CCCACA CCACAG CACAGA ACAGAG CAGAGT AGAGTC GAGTCC AGTCCG GTCCGC TCCGCC CCGCCT CGCCTC GCCTCC CCTCCT CTCCTC TCCTCT CCTCTT CTCTTC TCTTCC CTTCCC TTCCCC TCCCCG CCCCGC CCCGCT CCGCTC CGCTCT GCTCTC CTCTCC TCTCCC CTCCCA TCCCAG CCCAGC CCAGCC CAGCCC AGCCCC GCCCCC CCCCCT CCCCTC CCCTCC CCTCCT CTCCTT TCCTTT CCTTTG CTTTGC TTTGCC TTGCCT TGCCTG GCCTGT CCTGTT CTGTTA TGTTAA GTTAAC TTAACG TAACGT AACGTC ACGTCT CGTCTT GTCTTC TCTTCC CTTCCC TTCCCC TCCCCT CCCCTA CCCTAC CCTACC CTACCT TACCTG ACCTGC CCTGCA CTGCAT TGCATC GCATCC CATCCT ATCCTG TCCTGA CCTGAC CTGACC TGACCA GACCAT ACCATC CCATCA CATCAT ATCATT TCATTT CATTTG ATTTGC TTTGCT TTGCTG TGCTGT GCTGTG CTGTGC TGTGCC GTGCCT TGCCTG GCCTGC CCTGCT CTGCTC TGCTCC GCTCCT CTCCTC TCCTCG CCTCGG CTCGGC TCGGCT CGGCTT GGCTTT GCTTTC CTTTCT TTTCTG TTCTGT TCTGTC CTGTCT TGTCTT GTCTTC TCTTCA CTTCAC TTCACG TCACGA CACGAC ACGACC CGACCT GACCTC ACCTCC CCTCCT CTCCTT TCCTTA CCTTAG CTTAGG TTAGGC TAGGCT AGGCTG GGCTGT GCTGTG CTGTGG TGTGGG GTGGGC TGGGCG GGGCGA GGCGAA GCGAAG CGAAGA GAAGAC AAGACG AGACGT GACGTC ACGTCA CGTCAT GTCATG TCATGG CATGGG ATGGGA TGGGAC GGGACT GGACTG GACTGG ACTGGG CTGGGG TGGGGC GGGGCT GGGCTC GGCTCT GCTCTG CTCTGC TCTGCT CTGCTG TGCTGC GCTGCC CTGCCT TGCCTT GCCTTC CCTTCG CTTCGA TTCGAG TCGAGT CGAGTG GAGTGA AGTGAC GTGACG TGACGA GACGAC ACGACC CGACCT GACCTG ACCTGT CCTGTT CTGTTA TGTTAA GTTAAC TTAACC TAACCC AACCCG ACCCGT CCCGTT CCGTTT CGTTTT GTTTTT TTTTTC TTTTCA TTTCAG TTCAGG TCAGGC CAGGCG AGGCGA GGCGAT GCGATC CGATCG GATCGC ATCGCC TCGCCA CGCCAG GCCAGC CCAGCT CAGCTC"	1
"GACTGT ACTGTT CTGTTC TGTTCC GTTCCG TTCCGA TCCGAC CCGACG CGACGC GACGCG ACGCGT CGCGTG GCGTGC CGTGCT GTGCTT TGCTTT GCTTTT CTTTTA TTTTAA TTTAAG TTAAGA TAAGAC AAGACA AGACAG GACAGA ACAGAT CAGATT AGATTT GATTTA ATTTAT TTTATT TTATTG TATTGA ATTGAG TTGAGG TGAGGT GAGGTT AGGTTT GGTTTA GTTTAT TTTATT TTATTT TATTTA ATTTAA TTTAAT TTAATG TAATGC AATGCT ATGCTA TGCTAT GCTATG CTATGT TATGTA ATGTAT TGTATG GTATGT TATGTG ATGTGG TGTGGA GTGGAC TGGACT GGACTA GACTAG ACTAGT CTAGTG TAGTGC AGTGCG GTGCGA TGCGAG GCGAGT CGAGTG GAGTGT AGTGTA GTGTAT TGTATC GTATCG TATCGG ATCGGA TCGGAT CGGATT GGATTT GATTTC ATTTCC TTTCCG TTCCGA TCCGAG CCGAGT CGAGTG GAGTGG AGTGGC GTGGCA TGGCAA GGCAAT GCAATC CAATCC AATCCA ATCCAA TCCAAC CCAACA CAACAA AACAAA ACAAAG CAAAGG AAAGGG AAGGGT AGGGTA GGGTAA GGTAAA GTAAAG TAAAGC AAAGCC AAGCCA AGCCAT GCCATA CCATAT CATATC ATATCT TATCTT ATCTTA TCTTAT CTTATT TTATTT TATTTC ATTTCT TTTCTA TTCTAA TCTAAA CTAAAA TAAAAT AAAATG AAATGC AATGCT ATGCTT TGCTTC GCTTCA CTTCAA TTCAAA TCAAAT CAAATA AAATAT AATATA ATATAG TATAGG ATAGGC TAGGCA AGGCAA GGCAAG GCAAGA CAAGAA AAGAAT AGAATT GAATTA AATTAG ATTAGA TTAGAT TAGATT AGATTC GATTCA ATTCAA TTCAAA TCAAAT CAAATT AAATTG AATTGT ATTGTC TTGTCC TGTCCT GTCCTC TCCTCT CCTCTG CTCTGA TCTGAG CTGAGT TGAGTA GAGTAG AGTAGG GTAGGC TAGGCA AGGCAT GGCATC GCATCG CATCGG ATCGGT TCGGTT CGGTTT GGTTTC GTTTCC TTTCCT TTCCTG TCCTGT CCTGTG CTGTGG TGTGGA GTGGAT TGGATG GGATGT GATGTT ATGTTG TGTTGG GTTGGA TTGGAT TGGATG GGATGG GATGGC ATGGCC TGGCCT GGCCTT GCCTTA CCTTAA CTTAAC TTAACT TAACTG AACTGA ACTGAA CTGAAC TGAACT GAACTA AACTAA ACTAAA CTAAAA TAAAAG AAAAGA AAAGAA AAGAAG AGAAGT GAAGTT AAGTTC AGTTCG GTTCGC TTCGCA TCGCAT CGCATC GCATCA CATCAA ATCAAC TCAACG CAACGG AACGGT ACGGTG CGGTGC GGTGCA GTGCAT TGCATT GCATTG CATTGC ATTGCT TTGCTA TGCTAT GCTATA CTATAC TATACC ATACCT TACCTA ACCTAG CCTAGC CTAGCC TAGCCG AGCCGT GCCGTA CCGTAT CGTATG GTATGG TATGGA ATGGAT TGGATC GGATCC GATCCG ATCCGT TCCGTA CCGTAC CGTACG GTACGA TACGAG ACGAGC CGAGCA GAGCAG AGCAGA GCAGAG CAGAGC AGAGCA GAGCAC AGCACA GCACAA CACAAG ACAAGC CAAGCA AAGCAG AGCAGG GCAGGA CAGGAT AGGATT GGATTT GATTTG ATTTGA TTTGAG"	0
"GTTCTA TTCTAT TCTATT CTATTT TATTTT ATTTTG TTTTGA TTTGAG TTGAGT TGAGTT GAGTTA AGTTAC GTTACT TTACTT TACTTT ACTTTT CTTTTA TTTTAG TTTAGG TTAGGC TAGGCT AGGCTC GGCTCA GCTCAT CTCATT TCATTA CATTAC ATTACT TTACTA TACTAT ACTATG CTATGC TATGCA ATGCAG TGCAGG GCAGGA CAGGAT AGGATT GGATTC GATTCT ATTCTG TTCTGT TCTGTT CTGTTT TGTTTG GTTTGG TTTGGG TTGGGG TGGGGA GGGGAA GGGAAT GGAATA GAATAC AATACT ATACTG TACTGA ACTGAG CTGAGC TGAGCA GAGCAT AGCATT GCATTT CATTTT ATTTTG TTTTGT TTTGTG TTGTGT TGTGTC GTGTCT TGTCTT GTCTTA TCTTAC CTTACA TTACAG TACAGA ACAGAA CAGAAT AGAATT GAATTT AATTTC ATTTCT TTTCTT TTCTTT TCTTTT CTTTTT TTTTTG TTTTGT TTTGTA TTGTAT TGTATA GTATAG TATAGT ATAGTT TAGTTA AGTTAT GTTATG TTATGT TATGTC ATGTCT TGTCTT GTCTTA TCTTAT CTTATT TTATTA TATTAC ATTACA TTACAC TACACT ACACTT CACTTC ACTTCT CTTCTG TTCTGA TCTGAA CTGAAT TGAATG GAATGG AATGGG ATGGGG TGGGGG GGGGGG GGGGGG GGGGGC GGGGCT GGGCTC GGCTCA GCTCAA CTCAAT TCAATA CAATAC AATACA ATACAT TACATT ACATTT CATTTT ATTTTA TTTTAA TTTAAG TTAAGG TAAGGA AAGGAC AGGACT GGACTT GACTTT ACTTTT CTTTTT TTTTTC TTTTCA TTTCAT TTCATA TCATAC CATACA ATACAC TACACA ACACAC CACACA ACACAC CACACA ACACAC CACACA ACACAC CACACA ACACAC CACACG ACACGC CACGCG ACGCGC CGCGCA GCGCAC CGCACA GCACAG CACAGA ACAGAC CAGACA AGACAC GACACA ACACAC CACACA ACACAC CACACA ACACAC CACACG ACACGT CACGTA ACGTAA CGTAAT GTAATA TAATAA AATAAA ATAAAA TAAAAA AAAAAG AAAAGC AAAGCC AAGCCA AGCCAA GCCAAA CCAAAT CAAATA AAATAT AATATA ATATAT TATATA ATATAT TATATG ATATGT TATGTC ATGTCA TGTCAA GTCAAA TCAAAC CAAACA AAACAA AACAAT ACAATT CAATTT AATTTT ATTTTT TTTTTT TTTTTT TTTTTC TTTTCT TTTCTT TTCTTT TCTTTT CTTTTG TTTTGC TTTGCA TTGCAG TGCAGA GCAGAA CAGAAT AGAATT GAATTA AATTAA ATTAAA TTAAAT TAAATG AAATGT AATGTG ATGTGA TGTGAG GTGAGG TGAGGG GAGGGA AGGGAG GGGAGT GGAGTC GAGTCT AGTCTG GTCTGA TCTGAC CTGACG TGACGT GACGTA ACGTAA CGTAAG GTAAGA TAAGAG AAGAGT AGAGTT GAGTTT AGTTTG GTTTGT TTTGTG TTGTGA TGTGAT GTGATG TGATGA GATGAG ATGAGT TGAGTC GAGTCA AGTCAT GTCATC TCATCA CATCAT ATCATG TCATGT CATGTA ATGTAA TGTAAA GTAAAT TAAATA AAATAT AATATG ATATGG TATGGA ATGGAG TGGAGG GGAGGA GAGGAG AGGAGT GGAGTC GAGTCT"	1
"GCAGCC CAGCCC AGCCCG GCCCGG CCCGGG CCGGGA CGGGAC GGGACG GGACGG GACGGC ACGGCG CGGCGC GGCGCC GCGCCG CGCCGG GCCGGC CCGGCC CGGCCG GGCCGC GCCGCT CCGCTC CGCTCC GCTCCA CTCCAG TCCAGC CCAGCC CAGCCA AGCCAC GCCACA CCACAG CACAGT ACAGTT CAGTTC AGTTCA GTTCAA TTCAAA TCAAAG CAAAGC AAAGCG AAGCGC AGCGCA GCGCAG CGCAGG GCAGGG CAGGGG AGGGGG GGGGGC GGGGCG GGGCGC GGCGCG GCGCGT CGCGTC GCGTCC CGTCCG GTCCGC TCCGCC CCGCCG CGCCGC GCCGCG CCGCGC CGCGCA GCGCAG CGCAGC GCAGCC CAGCCG AGCCGG GCCGGG CCGGGA CGGGAA GGGAAT GGAATG GAATGT AATGTC ATGTCC TGTCCG GTCCGG TCCGGC CCGGCC CGGCCG GGCCGC GCCGCT CCGCTT CGCTTA GCTTAA CTTAAA TTAAAG TAAAGC AAAGCG AAGCGC AGCGCT GCGCTC CGCTCG GCTCGC CTCGCC TCGCCG CGCCGG GCCGGC CCGGCT CGGCTC GGCTCT GCTCTT CTCTTT TCTTTT CTTTTG TTTTGT TTTGTT TTGTTC TGTTCC GTTCCC TTCCCC TCCCCA CCCCAG CCCAGA CCAGAC CAGACC AGACCG GACCGG ACCGGG CCGGGC CGGGCC GGGCCT GGCCTC GCCTCC CCTCCG CTCCGG TCCGGG CCGGGG CGGGGA GGGGAG GGGAGA GGAGAG GAGAGG AGAGGG GAGGGG AGGGGG GGGGGC GGGGCT GGGCTG GGCTGG GCTGGG CTGGGG TGGGGG GGGGGA GGGGAG GGGAGG GGAGGG GAGGGG AGGGGA GGGGAC GGGACC GGACCG GACCGG ACCGGG CCGGGA CGGGAG GGGAGC GGAGCA GAGCAG AGCAGA GCAGAG CAGAGA AGAGAG GAGAGG AGAGGA GAGGAG AGGAGG GGAGGG GAGGGG AGGGGG GGGGGG GGGGGC GGGGCG GGGCGG GGCGGC GCGGCG CGGCGG GGCGGG GCGGGC CGGGCT GGGCTG GGCTGG GCTGGG CTGGGG TGGGGA GGGGAG GGGAGG GGAGGA GAGGAG AGGAGG GGAGGG GAGGGC AGGGCG GGGCGG GGCGGG GCGGGG CGGGGC GGGGCG GGGCGG GGCGGC GCGGCC CGGCCG GGCCGC GCCGCG CCGCGA CGCGAG GCGAGC CGAGCG GAGCGG AGCGGT GCGGTG CGGTGC GGTGCG GTGCGA TGCGAG GCGAGT CGAGTG GAGTGT AGTGTG GTGTGG TGTGGA GTGGAG TGGAGC GGAGCG GAGCGC AGCGCG GCGCGC CGCGCA GCGCAC CGCACC GCACCC CACCCC ACCCCG CCCCGG CCCGGG CCGGGC CGGGCG GGGCGA GGCGAG GCGAGG CGAGGC GAGGCT AGGCTG GGCTGA GCTGAC CTGACA TGACAG GACAGA ACAGAT CAGATC AGATCG GATCGC ATCGCC TCGCCC CGCCCG GCCCGG CCCGGG CCGGGT CGGGTG GGGTGG GGTGGG GTGGGT TGGGTG GGGTGC GGTGCA GTGCAA TGCAAG GCAAGA CAAGAT AAGATG AGATGG GATGGC ATGGCG TGGCGC GGCGCA GCGCAA CGCAAG GCAAGC CAAGCG AAGCGG AGCGGC GCGGCG CGGCGC GGCGCT GCGCTC CGCTCC GCTCCC CTCCCC TCCCCC CCCCCT CCCCTG CCCTGC CCTGCG CTGCGC TGCGCC GCGCCC"	1
"TGGAAA GGAAAA GAAAAC AAAACC AAACCC AACCCG ACCCGG CCCGGG CCGGGA CGGGAA GGGAAT GGAATT GAATTG AATTGC ATTGCA TTGCAC TGCACC GCACCC CACCCT ACCCTC CCCTCT CCTCTG CTCTGC TCTGCC CTGCCC TGCCCT GCCCTT CCCTTG CCTTGG CTTGGC TTGGCA TGGCAA GGCAAG GCAAGG CAAGGT AAGGTG AGGTGT GGTGTG GTGTGA TGTGAG GTGAGC TGAGCT GAGCTT AGCTTC GCTTCC CTTCCA TTCCAG TCCAGG CCAGGA CAGGAT AGGATC GGATCT GATCTC ATCTCT TCTCTC CTCTCC TCTCCG CTCCGC TCCGCT CCGCTG CGCTGC GCTGCG CTGCGA TGCGAC GCGACT CGACTT GACTTC ACTTCG CTTCGG TTCGGG TCGGGT CGGGTG GGGTGT GGTGTT GTGTTA TGTTAG GTTAGG TTAGGG TAGGGT AGGGTT GGGTTT GGTTTT GTTTTT TTTTTG TTTTGG TTTGGG TTGGGC TGGGCT GGGCTC GGCTCT GCTCTT CTCTTT TCTTTC CTTTCC TTTCCG TTCCGG TCCGGG CCGGGA CGGGAC GGGACC GGACCC GACCCA ACCCAA CCCAAG CCAAGT CAAGTT AAGTTC AGTTCC GTTCCA TTCCAG TCCAGG CCAGGG CAGGGC AGGGCA GGGCAA GGCAAG GCAAGA CAAGAA AAGAAG AGAAGG GAAGGT AAGGTC AGGTCT GGTCTG GTCTGC TCTGCT CTGCTC TGCTCG GCTCGG CTCGGC TCGGCG CGGCGG GGCGGC GCGGCC CGGCCC GGCCCG GCCCGC CCCGCC CCGCCT CGCCTC GCCTCG CCTCGG CTCGGG TCGGGG CGGGGC GGGGCC GGGCCC GGCCCC GCCCCG CCCCGC CCCGCC CCGCCC CGCCCA GCCCAC CCCACT CCACTT CACTTT ACTTTG CTTTGG TTTGGC TTGGCC TGGCCA GGCCAG GCCAGG CCAGGG CAGGGT AGGGTC GGGTCG GGTCGG GTCGGA TCGGAG CGGAGC GGAGCC GAGCCG AGCCGC GCCGCC CCGCCC CGCCCG GCCCGG CCCGGA CCGGAG CGGAGC GGAGCG GAGCGG AGCGGG GCGGGA CGGGAG GGGAGC GGAGCC GAGCCG AGCCGG GCCGGA CCGGAG CGGAGC GGAGCC GAGCCC AGCCCG GCCCGA CCCGAG CCGAGC CGAGCG GAGCGG AGCGGC GCGGCC CGGCCG GGCCGC GCCGCG CCGCGG CGCGGC GCGGCC CGGCCC GGCCCC GCCCCT CCCCTT CCCTTT CCTTTA CTTTAA TTTAAG TTAAGG TAAGGA AAGGAG AGGAGC GGAGCA GAGCAG AGCAGC GCAGCT CAGCTC AGCTCT GCTCTG CTCTGC TCTGCG CTGCGG TGCGGT GCGGTA CGGTAA GGTAAC GTAACC TAACCC AACCCG ACCCGA CCCGAG CCGAGC CGAGCC GAGCCC AGCCCG GCCCGC CCCGCA CCGCAG CGCAGT GCAGTC CAGTCC AGTCCG GTCCGG TCCGGG CCGGGC CGGGCG GGGCGG GGCGGG GCGGGC CGGGCG GGGCGC GGCGCG GCGCGA CGCGAC GCGACG CGACGG GACGGC ACGGCC CGGCCG GGCCGC GCCGCC CCGCCG CGCCGC GCCGCG CCGCGG CGCGGT GCGGTA CGGTAG GGTAGC GTAGCT TAGCTG AGCTGG GCTGGA CTGGAG TGGAGC GGAGCC GAGCCT AGCCTC GCCTCC CCTCCG CTCCGC TCCGCG CCGCGA CGCGAC GCGACT"	1
"GGCGGG GCGGGA CGGGAG GGGAGG GGAGGC GAGGCG AGGCGG GGCGGC GCGGCG CGGCGG GGCGGC GCGGCC CGGCCG GGCCGC GCCGCG CCGCGG CGCGGC GCGGCG CGGCGC GGCGCT GCGCTC CGCTCA GCTCAG CTCAGT TCAGTC CAGTCC AGTCCG GTCCGG TCCGGC CCGGCA CGGCAG GGCAGC GCAGCG CAGCGC AGCGCA GCGCAG CGCAGC GCAGCA CAGCAG AGCAGG GCAGGA CAGGAG AGGAGG GGAGGG GAGGGA AGGGAG GGGAGG GGAGGC GAGGCG AGGCGC GGCGCG GCGCGA CGCGAG GCGAGG CGAGGC GAGGCA AGGCAG GGCAGG GCAGGA CAGGAG AGGAGC GGAGCC GAGCCG AGCCGG GCCGGC CCGGCG CGGCGG GGCGGC GCGGCT CGGCTG GGCTGG GCTGGG CTGGGC TGGGCT GGGCTC GGCTCC GCTCCG CTCCGC TCCGCA CCGCAG CGCAGC GCAGCG CAGCGC AGCGCA GCGCAG CGCAGC GCAGCC CAGCCA AGCCAG GCCAGC CCAGCG CAGCGC AGCGCA GCGCAG CGCAGC GCAGCG CAGCGC AGCGCG GCGCGG CGCGGC GCGGCG CGGCGC GGCGCC GCGCCC CGCCCC GCCCCG CCCCGG CCCGGG CCGGGC CGGGCC GGGCCC GGCCCG GCCCGG CCCGGC CCGGCC CGGCCC GGCCCC GCCCCA CCCCAT CCCATG CCATGC CATGCC ATGCCC TGCCCG GCCCGC CCCGCA CCGCAG CGCAGC GCAGCC CAGCCC AGCCCC GCCCCG CCCCGC CCCGCC CCGCCG CGCCGG GCCGGA CCGGAC CGGACC GGACCG GACCGT ACCGTC CCGTCC CGTCCT GTCCTT TCCTTG CCTTGA CTTGAG TTGAGC TGAGCG GAGCGC AGCGCG GCGCGG CGCGGG GCGGGC CGGGCG GGGCGC GGCGCC GCGCCT CGCCTA GCCTAG CCTAGC CTAGCC TAGCCC AGCCCG GCCCGC CCCGCG CCGCGC CGCGCC GCGCCC CGCCCC GCCCCC CCCCCT CCCCTG CCCTGC CCTGCC CTGCCC TGCCCG GCCCGC CCCGCC CCGCCG CGCCGG GCCGGC CCGGCA CGGCAC GGCACC GCACCA CACCAT ACCATT CCATTG CATTGC ATTGCC TTGCCC TGCCCC GCCCCG CCCCGA CCCGAC CCGACG CGACGG GACGGC ACGGCG CGGCGC GGCGCG GCGCGG CGCGGC GCGGCC CGGCCG GGCCGG GCCGGG CCGGGC CGGGCG GGGCGG GGCGGC GCGGCC CGGCCC GGCCCG GCCCGG CCCGGC CCGGCG CGGCGC GGCGCT GCGCTC CGCTCC GCTCCC CTCCCC TCCCCA CCCCAG CCCAGG CCAGGC CAGGCT AGGCTC GGCTCC GCTCCG CTCCGC TCCGCG CCGCGC CGCGCG GCGCGG CGCGGG GCGGGC CGGGCC GGGCCG GGCCGA GCCGAA CCGAAA CGAAAG GAAAGA AAAGAC AAGACG AGACGC GACGCT ACGCTG CGCTGC GCTGCT CTGCTA TGCTAG GCTAGC CTAGCG TAGCGG AGCGGC GCGGCC CGGCCG GGCCGC GCCGCC CCGCCG CGCCGC GCCGCG CCGCGG CGCGGG GCGGGT CGGGTG GGGTGT GGTGTG GTGTGG TGTGGT GTGGTG TGGTGA GGTGAT GTGATG TGATGC GATGCT ATGCTG TGCTGC GCTGCT CTGCTG TGCTGG GCTGGT CTGGTG TGGTGC GGTGCT GTGCTG TGCTGG GCTGGT CTGGTG TGGTGG"	1
"ATATGT TATGTA ATGTAT TGTATT GTATTT TATTTA ATTTAC TTTACG TTACGG TACGGA ACGGAA CGGAAA GGAAAT GAAATC AAATCA AATCAC ATCACG TCACGC CACGCA ACGCAA CGCAAA GCAAAA CAAAAA AAAAAA AAAAAT AAAATG AAATGT AATGTT ATGTTC TGTTCT GTTCTT TTCTTA TCTTAA CTTAAT TTAATT TAATTT AATTTT ATTTTT TTTTTA TTTTAA TTTAAA TTAAAA TAAAAA AAAAAT AAAATT AAATTG AATTGA ATTGAA TTGAAG TGAAGA GAAGAC AAGACC AGACCG GACCGG ACCGGG CCGGGC CGGGCC GGGCCT GGCCTA GCCTAG CCTAGA CTAGAG TAGAGC AGAGCA GAGCAT AGCATT GCATTT CATTTT ATTTTA TTTTAT TTTATC TTATCA TATCAC ATCACC TCACCA CACCAA ACCAAT CCAATA CAATAC AATACG ATACGC TACGCC ACGCCA CGCCAA GCCAAC CCAACA CAACAT AACATT ACATTG CATTGT ATTGTG TTGTGT TGTGTT GTGTTG TGTTGC GTTGCC TTGCCA TGCCAT GCCATT CCATTC CATTCA ATTCAG TTCAGT TCAGTC CAGTCG AGTCGA GTCGAG TCGAGG CGAGGA GAGGAC AGGACA GGACAG GACAGA ACAGAG CAGAGA AGAGAG GAGAGA AGAGAG GAGAGT AGAGTT GAGTTA AGTTAA GTTAAA TTAAAT TAAATC AAATCC AATCCT ATCCTG TCCTGC CCTGCC CTGCCC TGCCCT GCCCTA CCCTAC CCTACA CTACAT TACATC ACATCT CATCTG ATCTGA TCTGAA CTGAAC TGAACT GAACTG AACTGG ACTGGG CTGGGT TGGGTA GGGTAT GGTATC GTATCT TATCTC ATCTCC TCTCCC CTCCCT TCCCTC CCCTCA CCTCAA CTCAAC TCAACC CAACCA AACCAT ACCATC CCATCT CATCTA ATCTAA TCTAAA CTAAAG TAAAGA AAAGAA AAGAAA AGAAAG GAAAGA AAAGAA AAGAAA AGAAAA GAAAAA AAAAAA AAAAAA AAAAAA AAAAAA AAAAAG AAAAGG AAAGGT AAGGTC AGGTCA GGTCAC GTCACA TCACAG CACAGT ACAGTC CAGTCA AGTCAG GTCAGA TCAGAA CAGAAC AGAACT GAACTG AACTGG ACTGGA CTGGAA TGGAAG GGAAGC GAAGCA AAGCAG AGCAGC GCAGCT CAGCTT AGCTTT GCTTTC CTTTCC TTTCCC TTCCCT TCCCTT CCCTTC CCTTCG CTTCGT TTCGTC TCGTCG CGTCGG GTCGGC TCGGCA CGGCAA GGCAAC GCAACA CAACAT AACATC ACATCT CATCTG ATCTGT TCTGTA CTGTAG TGTAGG GTAGGC TAGGCT AGGCTG GGCTGT GCTGTA CTGTAC TGTACC GTACCA TACCAC ACCACG CCACGG CACGGT ACGGTC CGGTCT GGTCTG GTCTGT TCTGTT CTGTTT TGTTTC GTTTCC TTTCCA TTCCAC TCCACG CCACGA CACGAT ACGATG CGATGC GATGCA ATGCAT TGCATA GCATAT CATATA ATATAC TATACC ATACCG TACCGC ACCGCT CCGCTT CGCTTG GCTTGC CTTGCC TTGCCA TGCCAC GCCACA CCACAG CACAGT ACAGTC CAGTCA AGTCAT GTCATA TCATAG CATAGT ATAGTG TAGTGG AGTGGG GTGGGC TGGGCA GGGCAG GGCAGT GCAGTC CAGTCA AGTCAG"	0
"CCAGAC CAGACC AGACCT GACCTG ACCTGT CCTGTC CTGTCT TGTCTA GTCTAC TCTACC CTACCC TACCCG ACCCGG CCCGGG CCGGGA CGGGAG GGGAGC GGAGCC GAGCCC AGCCCC GCCCCC CCCCCT CCCCTC CCCTCC CCTCCC CTCCCC TCCCCG CCCCGC CCCGCG CCGCGC CGCGCA GCGCAC CGCACT GCACTT CACTTC ACTTCC CTTCCC TTCCCA TCCCAG CCCAGA CCAGAC CAGACT AGACTT GACTTC ACTTCT CTTCTC TTCTCC TCTCCT CTCCTG TCCTGG CCTGGC CTGGCT TGGCTC GGCTCA GCTCAC CTCACC TCACCC CACCCC ACCCCA CCCCAA CCCAAT CCAATG CAATGA AATGAG ATGAGG TGAGGT GAGGTG AGGTGG GGTGGA GTGGAG TGGAGG GGAGGC GAGGCT AGGCTT GGCTTC GCTTCG CTTCGG TTCGGC TCGGCT CGGCTG GGCTGG GCTGGT CTGGTT TGGTTG GGTTGC GTTGCA TTGCAT TGCATC GCATCG CATCGC ATCGCG TCGCGG CGCGGG GCGGGA CGGGAT GGGATG GGATGA GATGAC ATGACA TGACAG GACAGT ACAGTG CAGTGC AGTGCG GTGCGG TGCGGG GCGGGC CGGGCC GGGCCC GGCCCC GCCCCC CCCCCT CCCCTC CCCTCC CCTCCT CTCCTG TCCTGA CCTGAC CTGACG TGACGC GACGCA ACGCAT CGCATT GCATTG CATTGG ATTGGT TTGGTG TGGTGC GGTGCC GTGCCA TGCCAC GCCACC CCACCT CACCTG ACCTGG CCTGGC CTGGCG TGGCGG GGCGGC GCGGCC CGGCCA GGCCAG GCCAGG CCAGGG CAGGGG AGGGGC GGGGCA GGGCAC GGCACG GCACGC CACGCC ACGCCG CGCCGA GCCGAA CCGAAA CGAAAG GAAAGT AAAGTT AAGTTG AGTTGA GTTGAC TTGACA TGACAA GACAAG ACAAGC CAAGCC AAGCCG AGCCGT GCCGTA CCGTAA CGTAAT GTAATG TAATGA AATGAC ATGACC TGACCC GACCCT ACCCTC CCCTCT CCTCTG CTCTGG TCTGGA CTGGAG TGGAGC GGAGCT GAGCTG AGCTGG GCTGGG CTGGGC TGGGCG GGGCGG GGCGGG GCGGGG CGGGGA GGGGAG GGGAGG GGAGGG GAGGGC AGGGCG GGGCGG GGCGGG GCGGGG CGGGGC GGGGCG GGGCGG GGCGGG GCGGGC CGGGCG GGGCGG GGCGGA GCGGAG CGGAGT GGAGTC GAGTCC AGTCCG GTCCGG TCCGGT CCGGTA CGGTAC GGTACG GTACGC TACGCG ACGCGC CGCGCA GCGCAA CGCAAT GCAATG CAATGT AATGTC ATGTCG TGTCGG GTCGGG TCGGGG CGGGGG GGGGGC GGGGCC GGGCCG GGCCGC GCCGCA CCGCAG CGCAGG GCAGGC CAGGCG AGGCGT GGCGTA GCGTAC CGTACG GTACGG TACGGA ACGGAC CGGACG GGACGT GACGTG ACGTGC CGTGCA GTGCAC TGCACA GCACAG CACAGA ACAGAT CAGATC AGATCC GATCCA ATCCAT TCCATG CCATGG CATGGA ATGGAG TGGAGC GGAGCG GAGCGG AGCGGC GCGGCC CGGCCG GGCCGG GCCGGC CCGGCG CGGCGC GGCGCC GCGCCC CGCCCG GCCCGG CCCGGC CCGGCG CGGCGA GGCGAG GCGAGG CGAGGT GAGGTG AGGTGG GGTGGT GTGGTC TGGTCA GGTCAT GTCATG"	0
"GCCGCG CCGCGA CGCGAT GCGATG CGATGT GATGTC ATGTCC TGTCCC GTCCCC TCCCCC CCCCCG CCCCGC CCCGCC CCGCCC CGCCCG GCCCGT CCCGTT CCGTTT CGTTTG GTTTGT TTTGTG TTGTGA TGTGAC GTGACC TGACCC GACCCT ACCCTC CCCTCG CCTCGG CTCGGG TCGGGT CGGGTA GGGTAC GGTACG GTACGG TACGGG ACGGGG CGGGGC GGGGCC GGGCCG GGCCGT GCCGTG CCGTGT CGTGTT GTGTTG TGTTGG GTTGGA TTGGAG TGGAGG GGAGGG GAGGGC AGGGCT GGGCTT GGCTTT GCTTTC CTTTCG TTTCGG TTCGGC TCGGCA CGGCAT GGCATC GCATCG CATCGT ATCGTC TCGTCT CGTCTT GTCTTC TCTTCT CTTCTT TTCTTT TCTTTC CTTTCG TTTCGT TTCGTC TCGTCC CGTCCC GTCCCG TCCCGG CCCGGC CCGGCC CGGCCG GGCCGC GCCGCG CCGCGT CGCGTC GCGTCC CGTCCT GTCCTT TCCTTG CCTTGC CTTGCC TTGCCC TGCCCA GCCCAT CCCATC CCATCA CATCAG ATCAGT TCAGTT CAGTTG AGTTGA GTTGAG TTGAGA TGAGAG GAGAGA AGAGAG GAGAGG AGAGGG GAGGGA AGGGAC GGGACT GGACTA GACTAG ACTAGG CTAGGC TAGGCC AGGCCA GGCCAT GCCATT CCATTG CATTGC ATTGCA TTGCAA TGCAAC GCAACT CAACTC AACTCA ACTCAC CTCACT TCACTT CACTTG ACTTGG CTTGGA TTGGAG TGGAGC GGAGCT GAGCTG AGCTGT GCTGTT CTGTTG TGTTGG GTTGGC TTGGCT TGGCTA GGCTAC GCTACC CTACCC TACCCC ACCCCT CCCCTT CCCTTC CCTTCG CTTCGC TTCGCA TCGCAC CGCACG GCACGC CACGCG ACGCGC CGCGCC GCGCCA CGCCAT GCCATG CCATGA CATGAG ATGAGA TGAGAA GAGAAC AGAACC GAACCA AACCAG ACCAGG CCAGGG CAGGGG AGGGGC GGGGCT GGGCTG GGCTGA GCTGAA CTGAAA TGAAAA GAAAAG AAAAGG AAAGGA AAGGAA AGGAAA GGAAAG GAAAGA AAAGAT AAGATT AGATTC GATTCA ATTCAG TTCAGA TCAGAG CAGAGG AGAGGG GAGGGC AGGGCC GGGCCC GGCCCC GCCCCC CCCCCG CCCCGC CCCGCC CCGCCG CGCCGG GCCGGG CCGGGC CGGGCG GGGCGT GGCGTT GCGTTG CGTTGG GTTGGG TTGGGG TGGGGC GGGGCG GGGCGT GGCGTG GCGTGG CGTGGC GTGGCC TGGCCG GGCCGC GCCGCG CCGCGT CGCGTC GCGTCA CGTCAC GTCACA TCACAT CACATG ACATGG CATGGG ATGGGT TGGGTT GGGTTT GGTTTG GTTTGG TTTGGT TTGGTC TGGTCC GGTCCG GTCCGC TCCGCT CCGCTG CGCTGA GCTGAA CTGAAA TGAAAT GAAATA AAATAT AATATG ATATGT TATGTT ATGTTT TGTTTA GTTTAG TTTAGC TTAGCT TAGCTC AGCTCC GCTCCA CTCCAG TCCAGG CCAGGA CAGGAC AGGACC GGACCG GACCGG ACCGGG CCGGGC CGGGCG GGGCGC GGCGCT GCGCTG CGCTGC GCTGCT CTGCTC TGCTCC GCTCCG CTCCGT TCCGTC CCGTCG CGTCGT GTCGTC TCGTCC CGTCCT GTCCTC TCCTCC CCTCCC CTCCCG TCCCGC CCCGCT"	0
"GGCCTC GCCTCT CCTCTC CTCTCA TCTCAC CTCACC TCACCC CACCCT ACCCTC CCCTCT CCTCTT CTCTTA TCTTAA CTTAAC TTAACC TAACCG AACCGC ACCGCT CCGCTC CGCTCC GCTCCG CTCCGT TCCGTG CCGTGC CGTGCA GTGCAG TGCAGG GCAGGG CAGGGC AGGGCC GGGCCG GGCCGT GCCGTA CCGTAG CGTAGG GTAGGT TAGGTC AGGTCA GGTCAA GTCAAG TCAAGT CAAGTG AAGTGT AGTGTC GTGTCA TGTCAT GTCATA TCATAT CATATT ATATTT TATTTT ATTTTA TTTTAA TTTAAA TTAAAT TAAATT AAATTA AATTAA ATTAAG TTAAGA TAAGAT AAGATG AGATGC GATGCT ATGCTG TGCTGC GCTGCC CTGCCG TGCCGA GCCGAG CCGAGG CGAGGA GAGGAG AGGAGA GGAGAA GAGAAA AGAAAA GAAAAA AAAAAA AAAAAA AAAAAT AAAATA AAATAA AATAAG ATAAGC TAAGCC AAGCCA AGCCAA GCCAAT CCAATT CAATTT AATTTC ATTTCC TTTCCT TTCCTA TCCTAT CCTATT CTATTT TATTTC ATTTCG TTTCGG TTCGGG TCGGGA CGGGAG GGGAGA GGAGAA GAGAAA AGAAAA GAAAAA AAAAAC AAAACA AAACAG AACAGT ACAGTA CAGTAT AGTATC GTATCT TATCTG ATCTGA TCTGAA CTGAAT TGAATC GAATCC AATCCA ATCCAC TCCACA CCACAG CACAGC ACAGCC CAGCCC AGCCCT GCCCTC CCCTCT CCTCTC CTCTCC TCTCCC CTCCCC TCCCCT CCCCTC CCCTCA CCTCAC CTCACG TCACGC CACGCT ACGCTT CGCTTG GCTTGG CTTGGA TTGGAC TGGACT GGACTC GACTCT ACTCTT CTCTTC TCTTCC CTTCCG TTCCGA TCCGAG CCGAGC CGAGCC GAGCCG AGCCGA GCCGAG CCGAGC CGAGCC GAGCCT AGCCTT GCCTTG CCTTGC CTTGCC TTGCCG TGCCGA GCCGAG CCGAGC CGAGCG GAGCGC AGCGCT GCGCTC CGCTCG GCTCGC CTCGCG TCGCGT CGCGTT GCGTTC CGTTCT GTTCTA TTCTAC TCTACG CTACGC TACGCA ACGCAT CGCATG GCATGC CATGCG ATGCGC TGCGCC GCGCCT CGCCTT GCCTTG CCTTGC CTTGCG TTGCGC TGCGCC GCGCCG CGCCGG GCCGGT CCGGTC CGGTCT GGTCTG GTCTGG TCTGGG CTGGGA TGGGAC GGGACC GGACCG GACCGC ACCGCG CCGCGT CGCGTG GCGTGG CGTGGT GTGGTC TGGTCA GGTCAC GTCACC TCACCC CACCCG ACCCGC CCCGCA CCGCAC CGCACC GCACCT CACCTT ACCTTC CCTTCC CTTCCC TTCCCA TCCCAT CCCATT CCATTC CATTCT ATTCTT TTCTTG TCTTGC CTTGCA TTGCAG TGCAGT GCAGTG CAGTGT AGTGTC GTGTCA TGTCAA GTCAAC TCAACC CAACCG AACCGA ACCGAC CCGACT CGACTG GACTGC ACTGCG CTGCGC TGCGCT GCGCTA CGCTAG GCTAGG CTAGGA TAGGAG AGGAGG GGAGGC GAGGCG AGGCGT GGCGTG GCGTGC CGTGCC GTGCCG TGCCGC GCCGCG CCGCGG CGCGGA GCGGAG CGGAGT GGAGTC GAGTCC AGTCCT GTCCTA TCCTAT CCTATT CTATTC TATTCT ATTCTG TTCTGA TCTGAG CTGAGA TGAGAC"	1
"CGATAT GATATT ATATTG TATTGA ATTGAC TTGACC TGACCG GACCGT ACCGTC CCGTCC CGTCCC GTCCCA TCCCAG CCCAGC CCAGCA CAGCAA AGCAAG GCAAGG CAAGGG AAGGGC AGGGCC GGGCCA GGCCAG GCCAGG CCAGGC CAGGCG AGGCGA GGCGAA GCGAAC CGAACC GAACCT AACCTC ACCTCC CCTCCA CTCCAT TCCATG CCATGC CATGCA ATGCAC TGCACT GCACTG CACTGC ACTGCA CTGCAC TGCACA GCACAA CACAAA ACAAAC CAAACA AAACAT AACATG ACATGA CATGAA ATGAAG TGAAGG GAAGGC AAGGCA AGGCAA GGCAAA GCAAAG CAAAGA AAAGAT AAGATA AGATAT GATATC ATATCG TATCGA ATCGAT TCGATT CGATTC GATTCA ATTCAA TTCAAT TCAATA CAATAT AATATC ATATCT TATCTG ATCTGA TCTGAG CTGAGA TGAGAG GAGAGA AGAGAG GAGAGC AGAGCC GAGCCA AGCCAC GCCACG CCACGG CACGGC ACGGCC CGGCCC GGCCCG GCCCGG CCCGGC CCGGCA CGGCAA GGCAAC GCAACA CAACAT AACATT ACATTT CATTTT ATTTTG TTTTGA TTTGAA TTGAAT TGAATG GAATGG AATGGG ATGGGT TGGGTG GGGTGA GGTGAA GTGAAC TGAACC GAACCA AACCAA ACCAAC CCAACA CAACAG AACAGG ACAGGA CAGGAT AGGATA GGATAA GATAAG ATAAGT TAAGTA AAGTAT AGTATG GTATGT TATGTG ATGTGA TGTGAC GTGACT TGACTT GACTTG ACTTGT CTTGTT TTGTTG TGTTGA GTTGAG TTGAGG TGAGGC GAGGCA AGGCAA GGCAAT GCAATG CAATGC AATGCT ATGCTG TGCTGC GCTGCA CTGCAC TGCACC GCACCC CACCCT ACCCTT CCCTTC CCTTCT CTTCTG TTCTGT TCTGTT CTGTTC TGTTCC GTTCCA TTCCAA TCCAAC CCAACG CAACGT AACGTA ACGTAA CGTAAT GTAATA TAATAA AATAAA ATAAAT TAAATA AAATAA AATAAA ATAAAT TAAATA AAATAC AATACC ATACCA TACCAG ACCAGC CCAGCT CAGCTG AGCTGA GCTGAG CTGAGT TGAGTA GAGTAT AGTATA GTATAT TATATA ATATAT TATATC ATATCA TATCAG ATCAGC TCAGCA CAGCAC AGCACT GCACTG CACTGA ACTGAG CTGAGA TGAGAA GAGAAG AGAAGG GAAGGC AAGGCC AGGCCT GGCCTG GCCTGG CCTGGT CTGGTT TGGTTT GGTTTG GTTTGA TTTGAC TTGACC TGACCA GACCAG ACCAGT CCAGTC CAGTCC AGTCCT GTCCTC TCCTCC CCTCCT CTCCTG TCCTGG CCTGGG CTGGGC TGGGCT GGGCTC GGCTCT GCTCTG CTCTGT TCTGTC CTGTCG TGTCGG GTCGGC TCGGCC CGGCCA GGCCAG GCCAGA CCAGAT CAGATG AGATGA GATGAG ATGAGA TGAGAG GAGAGA AGAGAC GAGACA AGACAG GACAGC ACAGCC CAGCCA AGCCAC GCCACC CCACCC CACCCA ACCCAG CCCAGG CCAGGG CAGGGG AGGGGG GGGGGT GGGGTC GGGTCC GGTCCA GTCCAC TCCACT CCACTC CACTCC ACTCCA CTCCAG TCCAGG CCAGGA CAGGAC AGGACA GGACAG GACAGA ACAGAC CAGACT AGACTG GACTGT ACTGTG"	0
"TCTCCA CTCCAT TCCATC CCATCC CATCCG ATCCGT TCCGTC CCGTCA CGTCAT GTCATA TCATAG CATAGG ATAGGA TAGGAT AGGATC GGATCG GATCGC ATCGCC TCGCCC CGCCCA GCCCAC CCCACC CCACCC CACCCA ACCCAA CCCAAA CCAAAA CAAAAG AAAAGT AAAGTC AAGTCA AGTCAT GTCATT TCATTT CATTTC ATTTCC TTTCCT TTCCTC TCCTCT CCTCTT CTCTTA TCTTAG CTTAGT TTAGTT TAGTTC AGTTCA GTTCAC TTCACA TCACAG CACAGC ACAGCT CAGCTG AGCTGT GCTGTC CTGTCT TGTCTG GTCTGC TCTGCG CTGCGT TGCGTG GCGTGA CGTGAA GTGAAT TGAATG GAATGT AATGTA ATGTAC TGTACT GTACTC TACTCT ACTCTC CTCTCT TCTCTG CTCTGC TCTGCC CTGCCT TGCCTC GCCTCC CCTCCT CTCCTA TCCTAG CCTAGC CTAGCA TAGCAT AGCATT GCATTA CATTAA ATTAAC TTAACG TAACGC AACGCC ACGCCC CGCCCT GCCCTA CCCTAC CCTACA CTACAC TACACA ACACAG CACAGA ACAGAG CAGAGA AGAGAG GAGAGA AGAGAG GAGAGA AGAGAC GAGACA AGACAA GACAAA ACAAAC CAAACC AAACCG AACCGT ACCGTT CCGTTT CGTTTG GTTTGG TTTGGC TTGGCA TGGCAG GGCAGC GCAGCG CAGCGG AGCGGC GCGGCG CGGCGG GGCGGA GCGGAG CGGAGT GGAGTC GAGTCT AGTCTT GTCTTT TCTTTT CTTTTC TTTTCG TTTCGG TTCGGC TCGGCG CGGCGA GGCGAA GCGAAG CGAAGG GAAGGT AAGGTT AGGTTT GGTTTT GTTTTG TTTTGA TTTGAG TTGAGA TGAGAG GAGAGT AGAGTT GAGTTG AGTTGT GTTGTT TTGTTT TGTTTT GTTTTC TTTTCA TTTCAA TTCAAT TCAATG CAATGT AATGTT ATGTTG TGTTGC GTTGCA TTGCAA TGCAAC GCAACG CAACGC AACGCT ACGCTC CGCTCC GCTCCC CTCCCA TCCCAA CCCAAT CCAATA CAATAC AATACG ATACGT TACGTT ACGTTC CGTTCT GTTCTT TTCTTA TCTTAA CTTAAG TTAAGT TAAGTT AAGTTT AGTTTC GTTTCC TTTCCA TTCCAT TCCATC CCATCA CATCAG ATCAGA TCAGAA CAGAAA AGAAAG GAAAGG AAAGGA AAGGAG AGGAGT GGAGTA GAGTAG AGTAGA GTAGAG TAGAGT AGAGTA GAGTAT AGTATA GTATAT TATATA ATATAA TATAAG ATAAGT TAAGTT AAGTTG AGTTGA GTTGAA TTGAAA TGAAAT GAAATC AAATCG AATCGG ATCGGA TCGGAA CGGAAT GGAATT GAATTG AATTGT ATTGTA TTGTAA TGTAAC GTAACA TAACAG AACAGC ACAGCC CAGCCC AGCCCT GCCCTC CCCTCT CCTCTG CTCTGG TCTGGG CTGGGA TGGGAA GGGAAT GGAATA GAATAT AATATC ATATCA TATCAT ATCATG TCATGG CATGGT ATGGTG TGGTGC GGTGCA GTGCAA TGCAAT GCAATG CAATGC AATGCG ATGCGT TGCGTT GCGTTG CGTTGA GTTGAT TTGATA TGATAC GATACT ATACTC TACTCT ACTCTC CTCTCC TCTCCG CTCCGT TCCGTC CCGTCC CGTCCT GTCCTG TCCTGC CCTGCC CTGCCC TGCCCA GCCCAG CCCAGA"	0
"AAGCAT AGCATC GCATCC CATCCT ATCCTG TCCTGG CCTGGA CTGGAA TGGAAC GGAACA GAACAT AACATG ACATGT CATGTA ATGTAG TGTAGT GTAGTT TAGTTT AGTTTG GTTTGT TTTGTA TTGTAT TGTATT GTATTT TATTTG ATTTGG TTTGGG TTGGGA TGGGAT GGGATG GGATGA GATGAC ATGACT TGACTG GACTGC ACTGCC CTGCCG TGCCGC GCCGCT CCGCTC CGCTCC GCTCCG CTCCGG TCCGGG CCGGGA CGGGAA GGGAAG GGAAGG GAAGGT AAGGTG AGGTGT GGTGTA GTGTAA TGTAAA GTAAAA TAAAAG AAAAGG AAAGGG AAGGGC AGGGCG GGGCGA GGCGAC GCGACG CGACGC GACGCC ACGCCG CGCCGT GCCGTT CCGTTT CGTTTG GTTTGG TTTGGT TTGGTT TGGTTA GGTTAT GTTATC TTATCG TATCGT ATCGTG TCGTGA CGTGAC GTGACT TGACTG GACTGG ACTGGG CTGGGA TGGGAC GGGACT GGACTT GACTTA ACTTAG CTTAGG TTAGGC TAGGCA AGGCAT GGCATC GCATCG CATCGC ATCGCT TCGCTG CGCTGA GCTGAT CTGATA TGATAG GATAGG ATAGGC TAGGCT AGGCTG GGCTGA GCTGAG CTGAGG TGAGGC GAGGCT AGGCTT GGCTTC GCTTCC CTTCCG TTCCGT TCCGTT CCGTTT CGTTTC GTTTCT TTTCTG TTCTGG TCTGGA CTGGAG TGGAGG GGAGGT GAGGTT AGGTTA GGTTAA GTTAAA TTAAAA TAAAAA AAAAAA AAAAAA AAAAAA AAAAAA AAAAAA AAAAAA AAAAAA AAAAAA AAAAAC AAAACC AAACCC AACCCA ACCCAG CCCAGT CCAGTC CAGTCG AGTCGT GTCGTT TCGTTC CGTTCA GTTCAC TTCACG TCACGC CACGCA ACGCAG CGCAGT GCAGTA CAGTAA AGTAAT GTAATA TAATAG AATAGG ATAGGG TAGGGC AGGGCG GGGCGA GGCGAG GCGAGT CGAGTC GAGTCT AGTCTG GTCTGA TCTGAC CTGACC TGACCG GACCGA ACCGAG CCGAGG CGAGGC GAGGCG AGGCGG GGCGGA GCGGAC CGGACT GGACTA GACTAC ACTACA CTACAT TACATC ACATCT CATCTC ATCTCC TCTCCC CTCCCA TCCCAT CCCATC CCATCA CATCAG ATCAGG TCAGGC CAGGCG AGGCGA GGCGAT GCGATG CGATGC GATGCA ATGCAC TGCACA GCACAC CACACT ACACTA CACTAT ACTATA CTATAA TATAAC ATAACA TAACAG AACAGG ACAGGG CAGGGC AGGGCC GGGCCC GGCCCC GCCCCT CCCCTT CCCTTA CCTTAA CTTAAG TTAAGG TAAGGG AAGGGG AGGGGC GGGGCG GGGCGC GGCGCC GCGCCG CGCCGG GCCGGA CCGGAG CGGAGC GGAGCA GAGCAT AGCATT GCATTG CATTGT ATTGTG TTGTGG TGTGGG GTGGGA TGGGAT GGGATT GGATTG GATTGG ATTGGA TTGGAT TGGATG GGATGA GATGAG ATGAGT TGAGTC GAGTCT AGTCTC GTCTCA TCTCAA CTCAAG TCAAGA CAAGAT AAGATG AGATGG GATGGA ATGGAC TGGACA GGACAA GACAAC ACAACC CAACCG AACCGG ACCGGG CCGGGA CGGGAT GGGATG GGATGT GATGTT ATGTTG TGTTGC GTTGCA TTGCAG TGCAGG GCAGGT CAGGTA AGGTAA"	1
"AAGGTA AGGTAA GGTAAT GTAATA TAATAA AATAAA ATAAAT TAAATA AAATAA AATAAC ATAACT TAACTC AACTCT ACTCTG CTCTGT TCTGTA CTGTAA TGTAAG GTAAGC TAAGCA AAGCAT AGCATG GCATGA CATGAG ATGAGG TGAGGC GAGGCA AGGCAC GGCACT GCACTT CACTTA ACTTAG CTTAGA TTAGAA TAGAAC AGAACG GAACGT AACGTG ACGTGA CGTGAT GTGATA TGATAG GATAGT ATAGTT TAGTTG AGTTGC GTTGCT TTGCTC TGCTCT GCTCTA CTCTAC TCTACA CTACAC TACACC ACACCA CACCAA ACCAAT CCAATA CAATAC AATACA ATACAT TACATG ACATGT CATGTA ATGTAA TGTAAA GTAAAT TAAATG AAATGC AATGCT ATGCTA TGCTAG GCTAGG CTAGGT TAGGTA AGGTAG GGTAGG GTAGGC TAGGCC AGGCCA GGCCAT GCCATT CCATTA CATTAC ATTACG TTACGT TACGTG ACGTGA CGTGAA GTGAAA TGAAAT GAAATG AAATGT AATGTT ATGTTA TGTTAC GTTACA TTACAA TACAAA ACAAAA CAAAAT AAAATT AAATTT AATTTC ATTTCT TTTCTC TTCTCT TCTCTG CTCTGG TCTGGC CTGGCA TGGCAT GGCATT GCATTG CATTGA ATTGAG TTGAGA TGAGAG GAGAGG AGAGGA GAGGAT AGGATC GGATCA GATCAG ATCAGC TCAGCT CAGCTA AGCTAT GCTATA CTATAA TATAAT ATAATT TAATTG AATTGT ATTGTT TTGTTT TGTTTT GTTTTA TTTTAG TTTAGC TTAGCC TAGCCC AGCCCT GCCCTT CCCTTC CCTTCC CTTCCA TTCCAG TCCAGG CCAGGA CAGGAC AGGACA GGACAA GACAAA ACAAAG CAAAGA AAAGAT AAGATA AGATAA GATAAT ATAATG TAATGC AATGCT ATGCTC TGCTCT GCTCTA CTCTAT TCTATT CTATTT TATTTA ATTTAG TTTAGC TTAGCC TAGCCG AGCCGC GCCGCT CCGCTG CGCTGA GCTGAC CTGACT TGACTC GACTCG ACTCGT CTCGTG TCGTGG CGTGGC GTGGCT TGGCTT GGCTTC GCTTCC CTTCCT TTCCTT TCCTTT CCTTTT CTTTTT TTTTTT TTTTTG TTTTGC TTTGCT TTGCTA TGCTAA GCTAAT CTAATT TAATTA AATTAT ATTATA TTATAC TATACA ATACAA TACAAA ACAAAA CAAAAC AAAACC AAACCT AACCTA ACCTAT CCTATT CTATTC TATTCT ATTCTG TTCTGA TCTGAA CTGAAC TGAACA GAACAC AACACA ACACAC CACACA ACACAT CACATG ACATGG CATGGC ATGGCT TGGCTT GGCTTC GCTTCT CTTCTC TTCTCC TCTCCC CTCCCT TCCCTG CCCTGC CCTGCT CTGCTC TGCTCA GCTCAG CTCAGA TCAGAG CAGAGT AGAGTC GAGTCT AGTCTC GTCTCC TCTCCA CTCCAG TCCAGT CCAGTT CAGTTT AGTTTG GTTTGC TTTGCG TTGCGT TGCGTA GCGTAT CGTATC GTATCA TATCAG ATCAGT TCAGTC CAGTCT AGTCTA GTCTAC TCTACA CTACAT TACATC ACATCT CATCTC ATCTCT TCTCTT CTCTTT TCTTTT CTTTTC TTTTCA TTTCAA TTCAAA TCAAAT CAAATA AAATAG AATAGC ATAGCT TAGCTG AGCTGG GCTGGA CTGGAT TGGATT"	0
"AATTTT ATTTTT TTTTTA TTTTAC TTTACT TTACTT TACTTT ACTTTT CTTTTG TTTTGT TTTGTA TTGTAA TGTAAA GTAAAT TAAATG AAATGG AATGGC ATGGCC TGGCCT GGCCTA GCCTAT CCTATT CTATTT TATTTG ATTTGC TTTGCA TTGCAT TGCATG GCATGA CATGAT ATGATT TGATTT GATTTT ATTTTC TTTTCC TTTCCA TTCCAT TCCATT CCATTG CATTGG ATTGGT TTGGTA TGGTAT GGTATT GTATTT TATTTT ATTTTA TTTTAA TTTAAA TTAAAA TAAAAA AAAAAA AAAAAT AAAATT AAATTG AATTGA ATTGAT TTGATT TGATTT GATTTG ATTTGT TTTGTA TTGTAG TGTAGG GTAGGC TAGGCG AGGCGT GGCGTC GCGTCC CGTCCT GTCCTC TCCTCT CCTCTC CTCTCT TCTCTA CTCTAC TCTACT CTACTG TACTGA ACTGAT CTGATC TGATCT GATCTC ATCTCC TCTCCT CTCCTT TCCTTT CCTTTC CTTTCA TTTCAG TTCAGA TCAGAG CAGAGG AGAGGC GAGGCA AGGCAG GGCAGA GCAGAT CAGATC AGATCT GATCTG ATCTGG TCTGGA CTGGAA TGGAAT GGAATG GAATGC AATGCT ATGCTG TGCTGA GCTGAG CTGAGG TGAGGC GAGGCC AGGCCT GGCCTC GCCTCT CCTCTC CTCTCC TCTCCC CTCCCT TCCCTC CCCTCA CCTCAC CTCACC TCACCC CACCCA ACCCAT CCCATC CCATCT CATCTC ATCTCC TCTCCT CTCCTT TCCTTT CCTTTT CTTTTT TTTTTC TTTTCC TTTCCC TTCCCA TCCCAC CCCACT CCACTG CACTGC ACTGCA CTGCAG TGCAGA GCAGAT CAGATC AGATCT GATCTT ATCTTA TCTTAA CTTAAA TTAAAT TAAATC AAATCT AATCTG ATCTGA TCTGAC CTGACC TGACCC GACCCA ACCCAG CCCAGG CCAGGC CAGGCC AGGCCT GGCCTT GCCTTG CCTTGA CTTGAA TTGAAA TGAAAG GAAAGA AAAGAC AAGACA AGACAA GACAAC ACAACA CAACAA AACAAG ACAAGA CAAGAG AAGAGT AGAGTC GAGTCC AGTCCC GTCCCC TCCCCT CCCCTG CCCTGC CCTGCA CTGCAC TGCACC GCACCT CACCTC ACCTCG CCTCGT CTCGTC TCGTCC CGTCCA GTCCAG TCCAGA CCAGAT CAGATG AGATGC GATGCC ATGCCA TGCCAC GCCACC CCACCT CACCTG ACCTGT CCTGTG CTGTGA TGTGAT GTGATT TGATTG GATTGT ATTGTC TTGTCG TGTCGA GTCGAG TCGAGA CGAGAC GAGACG AGACGG GACGGC ACGGCC CGGCCC GGCCCG GCCCGT CCCGTT CCGTTC CGTTCC GTTCCC TTCCCA TCCCAC CCCACC CCACCA CACCAG ACCAGC CCAGCG CAGCGG AGCGGT GCGGTC CGGTCT GGTCTT GTCTTC TCTTCT CTTCTA TTCTAG TCTAGC CTAGCG TAGCGA AGCGAG GCGAGT CGAGTC GAGTCC AGTCCT GTCCTA TCCTAC CCTACA CTACAC TACACA ACACAC CACACA ACACAG CACAGA ACAGAG CAGAGC AGAGCT GAGCTT AGCTTT GCTTTC CTTTCA TTTCAG TTCAGA TCAGAG CAGAGC AGAGCC GAGCCG AGCCGG GCCGGA CCGGAA CGGAAG GGAAGC GAAGCC AAGCCC AGCCCT GCCCTT CCCTTC CCTTCT"	1
"GAGACA AGACAT GACATG ACATGC CATGCA ATGCAG TGCAGA GCAGAT CAGATG AGATGG GATGGC ATGGCA TGGCAC GGCACC GCACCC CACCCA ACCCAG CCCAGC CCAGCC CAGCCA AGCCAC GCCACA CCACAG CACAGG ACAGGA CAGGAT AGGATA GGATAT GATATA ATATAC TATACC ATACCC TACCCA ACCCAC CCCACC CCACCT CACCTC ACCTCC CCTCCT CTCCTC TCCTCT CCTCTC CTCTCC TCTCCC CTCCCA TCCCAG CCCAGC CCAGCA CAGCAA AGCAAC GCAACT CAACTT AACTTC ACTTCC CTTCCA TTCCAC TCCACT CCACTC CACTCA ACTCAC CTCACC TCACCT CACCTT ACCTTA CCTTAT CTTATT TTATTC TATTCA ATTCAG TTCAGG TCAGGC CAGGCT AGGCTT GGCTTG GCTTGA CTTGAA TTGAAC TGAACC GAACCA AACCAG ACCAGA CCAGAA CAGAAG AGAAGG GAAGGA AAGGAA AGGAAG GGAAGC GAAGCC AAGCCA AGCCAG GCCAGG CCAGGC CAGGCA AGGCAT GGCATG GCATGG CATGGT ATGGTG TGGTGG GGTGGC GTGGCC TGGCCA GGCCAG GCCAGT CCAGTG CAGTGT AGTGTT GTGTTT TGTTTG GTTTGA TTTGAA TTGAAT TGAATC GAATCT AATCTT ATCTTG TCTTGC CTTGCA TTGCAG TGCAGA GCAGAC CAGACT AGACTG GACTGT ACTGTT CTGTTG TGTTGG GTTGGC TTGGCA TGGCAC GGCACT GCACTA CACTAG ACTAGG CTAGGT TAGGTT AGGTTC GGTTCT GTTCTG TTCTGA TCTGAG CTGAGG TGAGGA GAGGAC AGGACA GGACAA GACAAT ACAATT CAATTG AATTGT ATTGTG TTGTGA TGTGAG GTGAGT TGAGTC GAGTCA AGTCAC GTCACC TCACCA CACCAT ACCATA CCATAG CATAGT ATAGTG TAGTGA AGTGAC GTGACT TGACTA GACTAT ACTATG CTATGA TATGAC ATGACT TGACTT GACTTC ACTTCA CTTCAC TTCACT TCACTT CACTTG ACTTGG CTTGGT TTGGTG TGGTGC GGTGCT GTGCTG TGCTGA GCTGAA CTGAAC TGAACC GAACCA AACCAA ACCAAT CCAATC CAATCA AATCAG ATCAGG TCAGGC CAGGCC AGGCCC GGCCCT GCCCTG CCCTGG CCTGGG CTGGGA TGGGAC GGGACT GGACTC GACTCA ACTCAA CTCAAG TCAAGG CAAGGA AAGGAA AGGAAA GGAAAG GAAAGA AAAGAG AAGAGA AGAGAG GAGAGG AGAGGG GAGGGA AGGGAG GGGAGT GGAGTG GAGTGC AGTGCC GTGCCA TGCCAA GCCAAG CCAAGC CAAGCT AAGCTG AGCTGT GCTGTT CTGTTA TGTTAC GTTACT TTACTG TACTGT ACTGTT CTGTTT TGTTTA GTTTAC TTTACC TTACCC TACCCT ACCCTC CCCTCT CCTCTG CTCTGG TCTGGC CTGGCC TGGCCC GGCCCA GCCCAG CCCAGA CCAGAT CAGATC AGATCT GATCTT ATCTTT TCTTTC CTTTCT TTTCTT TTCTTC TCTTCA CTTCAG TTCAGA TCAGAA CAGAAG AGAAGA GAAGAA AAGAAA AGAAAC GAAACC AAACCT AACCTG ACCTGA CCTGAG CTGAGT TGAGTG GAGTGG AGTGGT GTGGTC TGGTCT GGTCTC GTCTCA TCTCAC CTCACA TCACAG CACAGG ACAGGT"	1
